{
  "version": 1,
  "feature_names": [
    "word_count",
    "abstract_word_count",
    "section_count",
    "citation_count",
    "figure_count",
    "table_count",
    "equation_count",
    "numeric_result_count",
    "has_abstract",
    "has_introduction",
    "has_related_work",
    "has_method",
    "has_experiments",
    "has_results",
    "has_limitations",
    "has_ethics",
    "has_conclusion",
    "baseline_terms",
    "ablation_terms",
    "reproducibility_terms",
    "novelty_terms",
    "limitation_terms",
    "evaluation_terms",
    "avg_sentence_words"
  ],
  "labels": [
    "good_paper",
    "needs_modification",
    "reject_risk"
  ],
  "training_count": 5868,
  "label_counts": {
    "good_paper": 1468,
    "needs_modification": 3778,
    "reject_risk": 622
  },
  "classes": {
    "good_paper": {
      "prior": 0.2501704158145876,
      "mean": [
        7.608161284358475,
        5.159223871825886,
        3.7934335862365973,
        1.0333562654826536,
        0.7830972714742187,
        0.44612069295544643,
        0.03896915289578485,
        1.2616440623370337,
        0.6931471805599453,
        0.00047217110392366846,
        0.00047217110392366846,
        0.0009443422078473369,
        0.003305197727465679,
        0.0009443422078473369,
        0.0009443422078473369,
        0.0,
        0.0014165133117710054,
        1.7418503693631213,
        0.4700236327108467,
        1.987338811439267,
        3.276786149634722,
        0.6990479175432205,
        2.6053006958730074,
        2.970741306502301
      ],
      "var": [
        0.09815371705987126,
        0.06961712159292034,
        0.02953531190885954,
        1.0804723226010762,
        0.6055210950712215,
        0.44394354685728277,
        0.06638254654615026,
        0.796643224943883,
        0.00021500000000000002,
        0.0005788868434720422,
        0.0006034163935530391,
        0.0010157531948124436,
        0.0028494680144431827,
        0.0009300316263254652,
        0.0009422901224708916,
        0.00022727942579566624,
        0.0012929638986412663,
        0.7703947103522367,
        0.46384430787536857,
        0.913996721457897,
        0.13769804254061704,
        0.46454482186125773,
        0.7186858205303743,
        0.009279758923954749
      ]
    },
    "needs_modification": {
      "prior": 0.6438309475119292,
      "mean": [
        7.560343106817606,
        5.1680767914803365,
        3.790437441018299,
        1.1512444640678916,
        0.802222451608049,
        0.5682261348819198,
        0.03692537140703707,
        1.2235954771474709,
        0.6931471805599453,
        0.000366938687432475,
        0.0005504080311487125,
        0.0018346934371623752,
        0.0038528562180409876,
        0.000366938687432475,
        0.0005504080311487125,
        0.0,
        0.0009173467185811876,
        2.0083938460601223,
        0.5998541643040329,
        2.0104568815350397,
        3.3243166647336024,
        0.6238957105318197,
        2.7575593920455845,
        2.944106991479257
      ],
      "var": [
        0.09827711277344114,
        0.06410821194736101,
        0.030467980059931593,
        1.1243117150489332,
        0.5813514440068926,
        0.5028365206415113,
        0.058502377895742405,
        0.7710012188380778,
        0.00021500000000000002,
        0.0005060335922287074,
        0.0006575660956253794,
        0.0016304233213173989,
        0.0032251557840759196,
        0.0005305631423097042,
        0.0006698245917708058,
        0.00022727942579566624,
        0.0009481329669023633,
        0.662727146482324,
        0.4932135166441518,
        0.8702775549084042,
        0.1350981004666072,
        0.4371296704826464,
        0.5340598753789557,
        0.009051467611854854
      ]
    },
    "reject_risk": {
      "prior": 0.1059986366734833,
      "mean": [
        7.617608157754406,
        5.164238188890664,
        3.8287927493101903,
        1.3325411606659352,
        0.7802828578176387,
        0.6271756139317789,
        0.03651613992256367,
        1.2598529869149961,
        0.6931471805599453,
        0.0,
        0.0011143845346622914,
        0.0,
        0.0011143845346622914,
        0.0011143845346622914,
        0.0011143845346622914,
        0.0011143845346622914,
        0.0,
        2.092841918969677,
        0.5672274612657255,
        2.144864586476717,
        3.3885748591593896,
        0.6417773382884209,
        2.856933824153703,
        2.9418584338973233
      ],
      "var": [
        0.09335298087079193,
        0.06460667455350172,
        0.0298643550768116,
        1.1019587296335314,
        0.5609122452628023,
        0.5461945995128756,
        0.06445334765851583,
        0.7560487058344134,
        0.00021500000000000002,
        0.0002518257195968549,
        0.0010475459150475312,
        0.0003620768381648301,
        0.0013405945058445324,
        0.0010475459150475312,
        0.0010598044111929578,
        0.0009984700711653458,
        0.0003131182003239873,
        0.5453627304578164,
        0.46673813244022977,
        0.8260261229656672,
        0.12013717016396264,
        0.44596279739204536,
        0.43511302804940294,
        0.008955778223276586
      ]
    }
  }
}